title,genre,rating,description
Avengers Endgame,Action Sci-Fi,4.9,"Superhero team assembles to reverse a cosmic disaster and defeat a powerful alien warlord threatening the universe"
Iron Man,Action Sci-Fi,4.7,"Genius billionaire engineer builds a powered armor suit to fight evil corporations and villains as a superhero"
Thor,Action Fantasy,4.6,"Asgardian god of thunder is exiled to Earth and must prove himself worthy while battling a dark enemy"
Captain America,Action Adventure,4.7,"Super soldier from World War II leads a superhero team against a powerful evil organization threatening the world"
Black Panther,Action Adventure,4.8,"King of a hidden African nation with advanced technology defends his kingdom as a powerful superhero"
Guardians of the Galaxy,Action Sci-Fi,4.6,"Team of misfit space adventurers and superheroes protect the galaxy from a powerful cosmic villain"
Doctor Strange,Action Fantasy,4.5,"Brilliant surgeon becomes a sorcerer superhero and battles mystical enemies across alternate dimensions"
Spider-Man Homecoming,Action Adventure,4.6,"Young superhero balances high school life while fighting crime and powerful villains in his city"
Ant-Man,Action Sci-Fi,4.3,"Thief becomes a shrinking superhero using advanced technology to fight corporate villains and save the day"
Black Widow,Action Thriller,4.2,"Former spy turned superhero confronts her dark past while battling a dangerous secret organization"
Interstellar,Sci-Fi Drama,4.8,"Astronauts travel through a wormhole in space searching for a new habitable planet to save humanity"
Inception,Sci-Fi Thriller,4.8,"Skilled thief who steals secrets from dreams is hired to plant an idea into a target's subconscious mind"
The Martian,Sci-Fi Drama,4.6,"Astronaut stranded alone on Mars uses science and ingenuity to survive and find a way back home"
Gravity,Sci-Fi Drama,4.3,"Astronauts stranded in space after a disaster must fight to survive and return safely to Earth"
Arrival,Sci-Fi Drama,4.4,"Linguist is recruited to communicate with mysterious alien visitors who have landed on Earth"
The Dark Knight,Action Crime,4.9,"Vigilante superhero battles a chaotic criminal mastermind threatening to destroy a crime-ridden city"
Joker,Drama Thriller,4.6,"Failed comedian descends into madness and becomes a dangerous criminal mastermind in a decaying city"
Inside Out,Animation Family,4.7,"Emotions inside a young girl's mind work together to help her adjust to a difficult new life change"
Coco,Animation Family,4.8,"Young boy journeys into the vibrant world of the dead to uncover his family's forgotten musical history"
Toy Story,Animation Family,4.7,"Group of toys come alive and go on an adventure to find their way back home to their owner"
Finding Nemo,Animation Family,4.6,"Worried clownfish father searches the ocean to find his lost son with the help of a forgetful fish"
The Notebook,Romance Drama,4.5,"Young couple from different backgrounds fall deeply in love but are separated by family and war"
La La Land,Romance Musical,4.4,"Aspiring actress and a jazz musician fall in love while chasing their dreams in Los Angeles"
Titanic,Romance Drama,4.7,"Couple from different social classes fall in love aboard a doomed luxury ship on its first voyage"
A Star Is Born,Romance Drama,4.3,"Musician helps a struggling singer find fame while his own career and life fall into decline"
John Wick,Action Thriller,4.6,"Retired hitman seeks brutal revenge against a criminal organization that wronged him and killed his dog"
Mission Impossible Fallout,Action Thriller,4.6,"Secret agent races against time to stop a group of terrorists from acquiring deadly nuclear weapons"
Mad Max Fury Road,Action Sci-Fi,4.5,"Warrior survives in a post apocalyptic wasteland while helping others escape a tyrannical warlord"
The Matrix,Sci-Fi Action,4.8,"Computer hacker discovers reality is a simulation and joins rebels fighting intelligent machines"
Edge of Tomorrow,Sci-Fi Action,4.5,"Soldier relives the same brutal battle against alien invaders repeatedly, growing stronger each time"